motif_ID	motif_ALT_ID	seq_ID	site_Start	site_End	site_Strand	site_Score	site_Sequence
1-AATTGCGATCGCAY	STREME-1	CLLPBCKN_RS28025	220	233	+	24.25	AATTGCGATCGCAC
1-AATTGCGATCGCAY	STREME-1	M5J74_RS24845	220	233	+	24.25	AATTGCGATCGCAC
1-AATTGCGATCGCAY	STREME-1	C7B79_RS30050	220	233	+	24.25	AATTGCGATCGCAC
1-AATTGCGATCGCAY	STREME-1	C7Y66_RS02635	220	233	+	24.25	AATTGCGATCGCAC
1-AATTGCGATCGCAY	STREME-1	CHRO_RS23275	220	233	+	24.25	AATTGCGATCGCAC
1-AATTGCGATCGCAY	STREME-1	H6G17_RS09445	189	202	-	22.16	AATTGCGATCGCCT
1-AATTGCGATCGCAY	STREME-1	CHRO_RS22330	189	202	-	22.16	AATTGCGATCGCCT
1-AATTGCGATCGCAY	STREME-1	CLLPBCKN_RS27000	189	202	-	22.16	AATTGCGATCGCCT
1-AATTGCGATCGCAY	STREME-1	C7B79_RS14315	189	202	-	22.16	AATTGCGATCGCCT
1-AATTGCGATCGCAY	STREME-1	M5J74_RS23895	189	202	-	22.16	AATTGCGATCGCCT
1-AATTGCGATCGCAY	STREME-1	C7Y66_RS18030	189	202	-	22.16	AATTGCGATCGCCT
1-AATTGCGATCGCAY	STREME-1	N4J56_RS25835	189	202	-	22.16	AATTGCGATCGCCT
1-AATTGCGATCGCAY	STREME-1	N4J56_RS26885	220	233	+	22.01	AATTGCGATCGCAG
1-AATTGCGATCGCAY	STREME-1	H6G17_RS22590	220	233	+	22.01	AATTGCGATCGCAG
1-AATTGCGATCGCAY	STREME-1	LAU37_RS20050	58	71	+	21.71	AACTGCGATCGCAC
1-AATTGCGATCGCAY	STREME-1	M5J74_RS02570	256	269	+	19.46	AAGTGCGATCGCTA
1-AATTGCGATCGCAY	STREME-1	H6G17_RS00905	256	269	+	19.46	AAGTGCGATCGCTA
1-AATTGCGATCGCAY	STREME-1	C7B79_RS13410	256	269	+	19.46	AAGTGCGATCGCTA
1-AATTGCGATCGCAY	STREME-1	C7Y66_RS00330	256	269	+	19.46	AAGTGCGATCGCTA
1-AATTGCGATCGCAY	STREME-1	N4J56_RS01915	256	269	+	19.46	AAGTGCGATCGCTA
1-AATTGCGATCGCAY	STREME-1	CHRO_RS02340	256	269	+	19.46	AAGTGCGATCGCTA
1-AATTGCGATCGCAY	STREME-1	CLLPBCKN_RS12870	256	269	+	19.46	AAGTGCGATCGCTA
1-AATTGCGATCGCAY	STREME-1	N4J56_RS07495	123	136	-	18.67	TATTGCGATCGGAT
1-AATTGCGATCGCAY	STREME-1	H6G17_RS09445	187	200	+	17.65	AAAGGCGATCGCAA
1-AATTGCGATCGCAY	STREME-1	CHRO_RS22330	187	200	+	17.65	AAAGGCGATCGCAA
1-AATTGCGATCGCAY	STREME-1	CLLPBCKN_RS27000	187	200	+	17.65	AAAGGCGATCGCAA
1-AATTGCGATCGCAY	STREME-1	C7B79_RS14315	187	200	+	17.65	AAAGGCGATCGCAA
1-AATTGCGATCGCAY	STREME-1	M5J74_RS23895	187	200	+	17.65	AAAGGCGATCGCAA
1-AATTGCGATCGCAY	STREME-1	C7Y66_RS18030	187	200	+	17.65	AAAGGCGATCGCAA
1-AATTGCGATCGCAY	STREME-1	C7Y66_RS28865	79	92	-	17.53	AAATGCGCTCGAAC
1-AATTGCGATCGCAY	STREME-1	M5J74_RS09525	56	69	-	17.53	AAATGCGCTCGAAC
1-AATTGCGATCGCAY	STREME-1	CHRO_RS08980	77	90	-	17.53	AAATGCGCTCGAAC
1-AATTGCGATCGCAY	STREME-1	CLLPBCKN_RS20270	77	90	-	17.53	AAATGCGCTCGAAC
1-AATTGCGATCGCAY	STREME-1	H6G17_RS03205	79	92	-	17.53	AAATGCGCTCGAAC
1-AATTGCGATCGCAY	STREME-1	N4J56_RS06215	84	97	-	17.53	AAATGCGCTCGAAC
1-AATTGCGATCGCAY	STREME-1	C7B79_RS22460	77	90	-	17.53	AAATGCGCTCGAAC
1-AATTGCGATCGCAY	STREME-1	C7B79_RS34340	272	285	-	17.23	AATTGCGAAAGCAT
1-AATTGCGATCGCAY	STREME-1	CHRO_RS25085	272	285	-	17.23	AATTGCGAAAGCAT
1-AATTGCGATCGCAY	STREME-1	CLLPBCKN_RS37905	272	285	-	17.23	AATTGCGAAAGCAT
1-AATTGCGATCGCAY	STREME-1	N4J56_RS29155	272	285	-	17.23	AATTGCGAAAGCAT
1-AATTGCGATCGCAY	STREME-1	C7Y66_RS23875	272	285	-	17.23	AATTGCGAAAGCAT
1-AATTGCGATCGCAY	STREME-1	H6G17_RS01470	272	285	-	17.23	AATTGCGAAAGCAT
1-AATTGCGATCGCAY	STREME-1	M5J74_RS27365	272	285	-	17.23	AATTGCGAAAGCAT
1-AATTGCGATCGCAY	STREME-1	B1A85_RS20500	46	59	-	16.75	AAATGCGATCGCGG
1-AATTGCGATCGCAY	STREME-1	C7B79_RS14955	123	136	-	16.10	TATGGCGATCGGAT
1-AATTGCGATCGCAY	STREME-1	C7Y66_RS00515	123	136	-	16.10	TATGGCGATCGGAT
1-AATTGCGATCGCAY	STREME-1	H6G17_RS00705	105	118	-	16.10	TATGGCGATCGGAT
1-AATTGCGATCGCAY	STREME-1	M5J74_RS02765	105	118	-	16.10	TATGGCGATCGGAT
1-AATTGCGATCGCAY	STREME-1	CHRO_RS02525	123	136	-	16.10	TATGGCGATCGGAT
1-AATTGCGATCGCAY	STREME-1	CLLPBCKN_RS13070	123	136	-	16.10	TATGGCGATCGGAT
1-AATTGCGATCGCAY	STREME-1	C7B79_RS14955	276	289	-	15.48	AAGCGCGATCGCTT
1-AATTGCGATCGCAY	STREME-1	C7Y66_RS00515	276	289	-	15.48	AAGCGCGATCGCTT
1-AATTGCGATCGCAY	STREME-1	H6G17_RS00705	258	271	-	15.48	AAGCGCGATCGCTT
1-AATTGCGATCGCAY	STREME-1	N4J56_RS07495	276	289	-	15.48	AAGCGCGATCGCTT
1-AATTGCGATCGCAY	STREME-1	M5J74_RS02765	258	271	-	15.48	AAGCGCGATCGCTT
1-AATTGCGATCGCAY	STREME-1	CHRO_RS02525	276	289	-	15.48	AAGCGCGATCGCTT
1-AATTGCGATCGCAY	STREME-1	CLLPBCKN_RS13070	276	289	-	15.48	AAGCGCGATCGCTT
1-AATTGCGATCGCAY	STREME-1	LAU37_RS21985	205	218	+	14.83	AACTGCGATCGTCT
1-AATTGCGATCGCAY	STREME-1	H6G17_RS00705	118	131	+	14.23	AACAGCGATCGCAG
1-AATTGCGATCGCAY	STREME-1	B1A85_RS06420	89	102	+	12.93	AATTGCTATAGCAA
1-AATTGCGATCGCAY	STREME-1	H6G17_RS09445	145	158	-	11.14	AGATGCGATCGCAA
1-AATTGCGATCGCAY	STREME-1	CHRO_RS22330	145	158	-	11.14	AGATGCGATCGCAA
1-AATTGCGATCGCAY	STREME-1	CLLPBCKN_RS27000	145	158	-	11.14	AGATGCGATCGCAA
1-AATTGCGATCGCAY	STREME-1	C7B79_RS14315	145	158	-	11.14	AGATGCGATCGCAA
1-AATTGCGATCGCAY	STREME-1	M5J74_RS23895	145	158	-	11.14	AGATGCGATCGCAA
1-AATTGCGATCGCAY	STREME-1	C7Y66_RS18030	145	158	-	11.14	AGATGCGATCGCAA
1-AATTGCGATCGCAY	STREME-1	N4J56_RS25835	145	158	-	11.14	AGATGCGATCGCAA
1-AATTGCGATCGCAY	STREME-1	H6G17_RS09445	143	156	+	10.97	TGTTGCGATCGCAT
1-AATTGCGATCGCAY	STREME-1	CHRO_RS22330	143	156	+	10.97	TGTTGCGATCGCAT
1-AATTGCGATCGCAY	STREME-1	CLLPBCKN_RS27000	143	156	+	10.97	TGTTGCGATCGCAT
1-AATTGCGATCGCAY	STREME-1	C7B79_RS14315	143	156	+	10.97	TGTTGCGATCGCAT
1-AATTGCGATCGCAY	STREME-1	M5J74_RS23895	143	156	+	10.97	TGTTGCGATCGCAT
1-AATTGCGATCGCAY	STREME-1	C7Y66_RS18030	143	156	+	10.97	TGTTGCGATCGCAT
1-AATTGCGATCGCAY	STREME-1	N4J56_RS25835	143	156	+	10.97	TGTTGCGATCGCAT
1-AATTGCGATCGCAY	STREME-1	C7B79_RS14955	136	149	+	10.64	AACAGCGATCGCGG
1-AATTGCGATCGCAY	STREME-1	C7Y66_RS00515	136	149	+	10.64	AACAGCGATCGCGG
1-AATTGCGATCGCAY	STREME-1	N4J56_RS07495	136	149	+	10.64	AACAGCGATCGCGG
1-AATTGCGATCGCAY	STREME-1	M5J74_RS02765	118	131	+	10.64	AACAGCGATCGCGG
1-AATTGCGATCGCAY	STREME-1	CHRO_RS02525	136	149	+	10.64	AACAGCGATCGCGG
1-AATTGCGATCGCAY	STREME-1	CLLPBCKN_RS13070	136	149	+	10.64	AACAGCGATCGCGG
1-AATTGCGATCGCAY	STREME-1	M5J74_RS05240	54	67	-	10.43	AAGAGCGATCGAGT
1-AATTGCGATCGCAY	STREME-1	C7B79_RS23645	54	67	-	10.43	AAGAGCGATCGAGT
1-AATTGCGATCGCAY	STREME-1	CLLPBCKN_RS15490	54	67	-	10.43	AAGAGCGATCGAGT
1-AATTGCGATCGCAY	STREME-1	CHRO_RS04820	54	67	-	10.43	AAGAGCGATCGAGT
1-AATTGCGATCGCAY	STREME-1	C7Y66_RS25975	54	67	-	10.43	AAGAGCGATCGAGT
1-AATTGCGATCGCAY	STREME-1	H6G17_RS05885	54	67	-	10.43	AAGAGCGATCGAGT
1-AATTGCGATCGCAY	STREME-1	N4J56_RS30415	56	69	-	10.43	AAGAGCGATCGAGT
1-AATTGCGATCGCAY	STREME-1	C7Y66_RS30255	71	84	-	9.59	AAAAGCGCTCGATT
1-AATTGCGATCGCAY	STREME-1	M5J74_RS17425	71	84	-	9.59	AAAAGCGCTCGATT
1-AATTGCGATCGCAY	STREME-1	CLLPBCKN_RS03630	71	84	-	9.59	AAAAGCGCTCGATT
1-AATTGCGATCGCAY	STREME-1	H6G17_RS14270	71	84	-	9.59	AAAAGCGCTCGATT
1-AATTGCGATCGCAY	STREME-1	CHRO_RS16375	71	84	-	9.59	AAAAGCGCTCGATT
1-AATTGCGATCGCAY	STREME-1	C7B79_RS32290	71	84	-	9.59	AAAAGCGCTCGATT
1-AATTGCGATCGCAY	STREME-1	N4J56_RS17730	71	84	-	9.59	AAAAGCGCTCGATT
1-AATTGCGATCGCAY	STREME-1	LAU37_RS20465	138	151	+	8.78	AATCACGATGGCAC
#
2-TCAGTAATTDTACT	STREME-2	H6G17_RS09445	115	128	+	21.73	TCAGTAATTGTACT
2-TCAGTAATTDTACT	STREME-2	CHRO_RS22330	115	128	+	21.73	TCAGTAATTGTACT
2-TCAGTAATTDTACT	STREME-2	CLLPBCKN_RS27000	115	128	+	21.73	TCAGTAATTGTACT
2-TCAGTAATTDTACT	STREME-2	C7B79_RS14315	115	128	+	21.73	TCAGTAATTGTACT
2-TCAGTAATTDTACT	STREME-2	M5J74_RS23895	115	128	+	21.73	TCAGTAATTGTACT
2-TCAGTAATTDTACT	STREME-2	C7Y66_RS18030	115	128	+	21.73	TCAGTAATTGTACT
2-TCAGTAATTDTACT	STREME-2	N4J56_RS25835	115	128	+	21.73	TCAGTAATTGTACT
2-TCAGTAATTDTACT	STREME-2	C7B79_RS14955	88	101	+	18.16	TCAGTAGTTCTACT
2-TCAGTAATTDTACT	STREME-2	C7Y66_RS00515	88	101	+	18.16	TCAGTAGTTCTACT
2-TCAGTAATTDTACT	STREME-2	M5J74_RS02765	70	83	+	18.16	TCAGTAGTTCTACT
2-TCAGTAATTDTACT	STREME-2	CHRO_RS02525	88	101	+	18.16	TCAGTAGTTCTACT
2-TCAGTAATTDTACT	STREME-2	CLLPBCKN_RS13070	88	101	+	18.16	TCAGTAGTTCTACT
2-TCAGTAATTDTACT	STREME-2	C7Y66_RS30255	103	116	+	17.20	TCAGTATATGTACT
2-TCAGTAATTDTACT	STREME-2	M5J74_RS17425	103	116	+	17.20	TCAGTATATGTACT
2-TCAGTAATTDTACT	STREME-2	CLLPBCKN_RS03630	103	116	+	17.20	TCAGTATATGTACT
2-TCAGTAATTDTACT	STREME-2	H6G17_RS14270	103	116	+	17.20	TCAGTATATGTACT
2-TCAGTAATTDTACT	STREME-2	CHRO_RS16375	103	116	+	17.20	TCAGTATATGTACT
2-TCAGTAATTDTACT	STREME-2	C7B79_RS32290	103	116	+	17.20	TCAGTATATGTACT
2-TCAGTAATTDTACT	STREME-2	N4J56_RS17730	103	116	+	17.20	TCAGTATATGTACT
2-TCAGTAATTDTACT	STREME-2	B1A85_RS20750	23	36	+	16.65	TCAGTACTTATGCT
2-TCAGTAATTDTACT	STREME-2	LAU37_RS04030	15	28	+	16.65	TCAGTACTTATGCT
2-TCAGTAATTDTACT	STREME-2	B1A85_RS05965	94	107	+	16.26	ACAGTAATTATACT
2-TCAGTAATTDTACT	STREME-2	C7Y66_RS28865	172	185	+	16.18	TCAGTAATCTGACT
2-TCAGTAATTDTACT	STREME-2	M5J74_RS09525	149	162	+	16.18	TCAGTAATCTGACT
2-TCAGTAATTDTACT	STREME-2	CHRO_RS08980	170	183	+	16.18	TCAGTAATCTGACT
2-TCAGTAATTDTACT	STREME-2	CLLPBCKN_RS20270	170	183	+	16.18	TCAGTAATCTGACT
2-TCAGTAATTDTACT	STREME-2	N4J56_RS06215	170	183	+	16.18	TCAGTAATCTGACT
2-TCAGTAATTDTACT	STREME-2	C7B79_RS22460	170	183	+	16.18	TCAGTAATCTGACT
2-TCAGTAATTDTACT	STREME-2	H6G17_RS00705	71	84	+	15.02	TAAGTAGTTCTACT
2-TCAGTAATTDTACT	STREME-2	N4J56_RS07495	89	102	+	15.02	TAAGTAGTTCTACT
2-TCAGTAATTDTACT	STREME-2	LAU37_RS20050	83	96	-	14.29	TAGGTAATTGTACT
2-TCAGTAATTDTACT	STREME-2	LAU37_RS15045	125	138	+	13.98	TAAGCAATTTTACT
2-TCAGTAATTDTACT	STREME-2	LAU37_RS13980	271	284	+	13.85	TAAGTACATATACT
2-TCAGTAATTDTACT	STREME-2	LAU37_RS13980	273	286	-	13.67	TTAGTATATGTACT
2-TCAGTAATTDTACT	STREME-2	C7Y66_RS08460	193	206	+	13.26	TCAGCGATTTTAGT
2-TCAGTAATTDTACT	STREME-2	N4J56_RS20165	193	206	+	13.26	TCAGCGATTTTAGT
2-TCAGTAATTDTACT	STREME-2	H6G17_RS19500	193	206	+	13.26	TCAGCGATTTTAGT
2-TCAGTAATTDTACT	STREME-2	M5J74_RS21170	193	206	+	13.26	TCAGCGATTTTAGT
2-TCAGTAATTDTACT	STREME-2	CHRO_RS19800	193	206	+	13.26	TCAGCGATTTTAGT
2-TCAGTAATTDTACT	STREME-2	CLLPBCKN_RS39770	193	206	+	13.26	TCAGCGATTTTAGT
2-TCAGTAATTDTACT	STREME-2	C7B79_RS31815	193	206	+	13.26	TCAGCGATTTTAGT
2-TCAGTAATTDTACT	STREME-2	M5J74_RS05240	4	17	+	13.13	TTAGTACTTATGCT
2-TCAGTAATTDTACT	STREME-2	C7B79_RS23645	4	17	+	13.13	TTAGTACTTATGCT
2-TCAGTAATTDTACT	STREME-2	CLLPBCKN_RS15490	4	17	+	13.13	TTAGTACTTATGCT
2-TCAGTAATTDTACT	STREME-2	CHRO_RS04820	4	17	+	13.13	TTAGTACTTATGCT
2-TCAGTAATTDTACT	STREME-2	C7Y66_RS25975	4	17	+	13.13	TTAGTACTTATGCT
2-TCAGTAATTDTACT	STREME-2	H6G17_RS05885	4	17	+	13.13	TTAGTACTTATGCT
2-TCAGTAATTDTACT	STREME-2	N4J56_RS30415	6	19	+	13.13	TTAGTACTTATGCT
2-TCAGTAATTDTACT	STREME-2	CLLPBCKN_RS28025	108	121	-	12.74	TAATTAATTACACT
2-TCAGTAATTDTACT	STREME-2	N4J56_RS26885	108	121	-	12.74	TAATTAATTACACT
2-TCAGTAATTDTACT	STREME-2	M5J74_RS24845	108	121	-	12.74	TAATTAATTACACT
2-TCAGTAATTDTACT	STREME-2	C7B79_RS30050	108	121	-	12.74	TAATTAATTACACT
2-TCAGTAATTDTACT	STREME-2	C7Y66_RS02635	108	121	-	12.74	TAATTAATTACACT
2-TCAGTAATTDTACT	STREME-2	CHRO_RS23275	108	121	-	12.74	TAATTAATTACACT
2-TCAGTAATTDTACT	STREME-2	H6G17_RS22590	108	121	-	12.74	TAATTAATTACACT
2-TCAGTAATTDTACT	STREME-2	H6G17_RS00905	156	169	+	12.58	TCAGTTTTTTTACT
2-TCAGTAATTDTACT	STREME-2	N4J56_RS01915	93	106	+	12.58	TCAGTTTTTTTACT
2-TCAGTAATTDTACT	STREME-2	C7B79_RS36485	103	116	+	12.46	TCACTACTTCTTCT
2-TCAGTAATTDTACT	STREME-2	M5J74_RS11045	103	116	+	12.46	TCACTACTTCTTCT
2-TCAGTAATTDTACT	STREME-2	CHRO_RS10375	103	116	+	12.46	TCACTACTTCTTCT
2-TCAGTAATTDTACT	STREME-2	CLLPBCKN_RS20905	103	116	+	12.46	TCACTACTTCTTCT
2-TCAGTAATTDTACT	STREME-2	C7Y66_RS19590	103	116	+	12.46	TCACTACTTCTTCT
2-TCAGTAATTDTACT	STREME-2	H6G17_RS03205	172	185	+	12.40	TCGGTAATCTGACT
#
3-CATCTTAKCTAT	STREME-3	C7Y66_RS30255	169	180	+	19.42	CATCTTAGCTAT
3-CATCTTAKCTAT	STREME-3	M5J74_RS17425	169	180	+	19.42	CATCTTAGCTAT
3-CATCTTAKCTAT	STREME-3	CLLPBCKN_RS03630	169	180	+	19.42	CATCTTAGCTAT
3-CATCTTAKCTAT	STREME-3	H6G17_RS14270	169	180	+	19.42	CATCTTAGCTAT
3-CATCTTAKCTAT	STREME-3	CHRO_RS16375	169	180	+	19.42	CATCTTAGCTAT
3-CATCTTAKCTAT	STREME-3	C7B79_RS32290	169	180	+	19.42	CATCTTAGCTAT
3-CATCTTAKCTAT	STREME-3	N4J56_RS17730	169	180	+	19.42	CATCTTAGCTAT
3-CATCTTAKCTAT	STREME-3	M5J74_RS02570	228	239	-	17.77	CATCTTATCAAT
3-CATCTTAKCTAT	STREME-3	C7B79_RS13410	228	239	-	17.77	CATCTTATCAAT
3-CATCTTAKCTAT	STREME-3	C7Y66_RS00330	228	239	-	17.77	CATCTTATCAAT
3-CATCTTAKCTAT	STREME-3	CHRO_RS02340	228	239	-	17.77	CATCTTATCAAT
3-CATCTTAKCTAT	STREME-3	CLLPBCKN_RS12870	228	239	-	17.77	CATCTTATCAAT
3-CATCTTAKCTAT	STREME-3	C7B79_RS34340	215	226	+	17.72	CATCATAGCGAT
3-CATCTTAKCTAT	STREME-3	CHRO_RS25085	215	226	+	17.72	CATCATAGCGAT
3-CATCTTAKCTAT	STREME-3	CLLPBCKN_RS37905	215	226	+	17.72	CATCATAGCGAT
3-CATCTTAKCTAT	STREME-3	N4J56_RS29155	215	226	+	17.72	CATCATAGCGAT
3-CATCTTAKCTAT	STREME-3	C7Y66_RS23875	215	226	+	17.72	CATCATAGCGAT
3-CATCTTAKCTAT	STREME-3	H6G17_RS01470	215	226	+	17.72	CATCATAGCGAT
3-CATCTTAKCTAT	STREME-3	M5J74_RS27365	215	226	+	17.72	CATCATAGCGAT
3-CATCTTAKCTAT	STREME-3	C7B79_RS14955	263	274	-	16.48	CATCTTATCATT
3-CATCTTAKCTAT	STREME-3	C7Y66_RS00515	263	274	-	16.48	CATCTTATCATT
3-CATCTTAKCTAT	STREME-3	H6G17_RS00705	245	256	-	16.48	CATCTTATCATT
3-CATCTTAKCTAT	STREME-3	N4J56_RS07495	263	274	-	16.48	CATCTTATCATT
3-CATCTTAKCTAT	STREME-3	M5J74_RS02765	245	256	-	16.48	CATCTTATCATT
3-CATCTTAKCTAT	STREME-3	CHRO_RS02525	263	274	-	16.48	CATCTTATCATT
3-CATCTTAKCTAT	STREME-3	CLLPBCKN_RS13070	263	274	-	16.48	CATCTTATCATT
3-CATCTTAKCTAT	STREME-3	C7Y66_RS28865	14	25	+	16.11	CATGGTATCTAT
3-CATCTTAKCTAT	STREME-3	LAU37_RS04200	83	94	+	16.11	CATGGTATCTAT
3-CATCTTAKCTAT	STREME-3	CHRO_RS08980	12	23	+	16.11	CATGGTATCTAT
3-CATCTTAKCTAT	STREME-3	CLLPBCKN_RS20270	12	23	+	16.11	CATGGTATCTAT
3-CATCTTAKCTAT	STREME-3	H6G17_RS03205	14	25	+	16.11	CATGGTATCTAT
3-CATCTTAKCTAT	STREME-3	N4J56_RS06215	19	30	+	16.11	CATGGTATCTAT
3-CATCTTAKCTAT	STREME-3	C7B79_RS22460	12	23	+	16.11	CATGGTATCTAT
3-CATCTTAKCTAT	STREME-3	H6G17_RS00905	228	239	-	15.66	CATCTTATCAAC
3-CATCTTAKCTAT	STREME-3	H6G17_RS09445	247	258	-	14.96	AATCGTATCGAT
3-CATCTTAKCTAT	STREME-3	N4J56_RS25835	247	258	-	14.96	AATCGTATCGAT
3-CATCTTAKCTAT	STREME-3	CLLPBCKN_RS28025	16	27	-	14.27	AATCTTAGCTTT
3-CATCTTAKCTAT	STREME-3	N4J56_RS26885	16	27	-	14.27	AATCTTAGCTTT
3-CATCTTAKCTAT	STREME-3	M5J74_RS24845	16	27	-	14.27	AATCTTAGCTTT
3-CATCTTAKCTAT	STREME-3	C7B79_RS30050	16	27	-	14.27	AATCTTAGCTTT
3-CATCTTAKCTAT	STREME-3	C7Y66_RS02635	16	27	-	14.27	AATCTTAGCTTT
3-CATCTTAKCTAT	STREME-3	CHRO_RS23275	16	27	-	14.27	AATCTTAGCTTT
3-CATCTTAKCTAT	STREME-3	H6G17_RS22590	16	27	-	14.27	AATCTTAGCTTT
3-CATCTTAKCTAT	STREME-3	M5J74_RS05240	166	177	+	14.01	CATCACAGCTAC
3-CATCTTAKCTAT	STREME-3	C7B79_RS23645	166	177	+	14.01	CATCACAGCTAC
3-CATCTTAKCTAT	STREME-3	CLLPBCKN_RS15490	166	177	+	14.01	CATCACAGCTAC
3-CATCTTAKCTAT	STREME-3	CHRO_RS04820	166	177	+	14.01	CATCACAGCTAC
3-CATCTTAKCTAT	STREME-3	C7Y66_RS25975	166	177	+	14.01	CATCACAGCTAC
3-CATCTTAKCTAT	STREME-3	H6G17_RS05885	166	177	+	14.01	CATCACAGCTAC
3-CATCTTAKCTAT	STREME-3	N4J56_RS30415	168	179	+	14.01	CATCACAGCTAC
#
4-ACAATWTTTKAC	STREME-4	C7Y66_RS28865	257	268	+	18.74	ACAATTTTTGAC
4-ACAATWTTTKAC	STREME-4	C7Y66_RS08460	58	69	-	18.74	ACAATTTTTGAC
4-ACAATWTTTKAC	STREME-4	H6G17_RS19500	58	69	-	18.74	ACAATTTTTGAC
4-ACAATWTTTKAC	STREME-4	M5J74_RS09525	234	245	+	18.74	ACAATTTTTGAC
4-ACAATWTTTKAC	STREME-4	CHRO_RS08980	255	266	+	18.74	ACAATTTTTGAC
4-ACAATWTTTKAC	STREME-4	M5J74_RS21170	58	69	-	18.74	ACAATTTTTGAC
4-ACAATWTTTKAC	STREME-4	CLLPBCKN_RS20270	255	266	+	18.74	ACAATTTTTGAC
4-ACAATWTTTKAC	STREME-4	CHRO_RS19800	58	69	-	18.74	ACAATTTTTGAC
4-ACAATWTTTKAC	STREME-4	H6G17_RS03205	257	268	+	18.74	ACAATTTTTGAC
4-ACAATWTTTKAC	STREME-4	CLLPBCKN_RS39770	58	69	-	18.74	ACAATTTTTGAC
4-ACAATWTTTKAC	STREME-4	N4J56_RS06215	255	266	+	18.74	ACAATTTTTGAC
4-ACAATWTTTKAC	STREME-4	C7B79_RS22460	255	266	+	18.74	ACAATTTTTGAC
4-ACAATWTTTKAC	STREME-4	C7B79_RS31815	58	69	-	18.74	ACAATTTTTGAC
4-ACAATWTTTKAC	STREME-4	C7B79_RS14955	176	187	-	17.15	ACAATTTTTTAG
4-ACAATWTTTKAC	STREME-4	C7Y66_RS00515	176	187	-	17.15	ACAATTTTTTAG
4-ACAATWTTTKAC	STREME-4	H6G17_RS00705	158	169	-	17.15	ACAATTTTTTAG
4-ACAATWTTTKAC	STREME-4	M5J74_RS02765	158	169	-	17.15	ACAATTTTTTAG
4-ACAATWTTTKAC	STREME-4	CHRO_RS02525	176	187	-	17.15	ACAATTTTTTAG
4-ACAATWTTTKAC	STREME-4	CLLPBCKN_RS13070	176	187	-	17.15	ACAATTTTTTAG
4-ACAATWTTTKAC	STREME-4	CLLPBCKN_RS28025	84	95	+	16.51	ACAATAATTTAC
4-ACAATWTTTKAC	STREME-4	M5J74_RS24845	84	95	+	16.51	ACAATAATTTAC
4-ACAATWTTTKAC	STREME-4	C7B79_RS30050	84	95	+	16.51	ACAATAATTTAC
4-ACAATWTTTKAC	STREME-4	C7Y66_RS02635	84	95	+	16.51	ACAATAATTTAC
4-ACAATWTTTKAC	STREME-4	CHRO_RS23275	84	95	+	16.51	ACAATAATTTAC
4-ACAATWTTTKAC	STREME-4	M5J74_RS02570	38	49	+	16.39	ACAGTTTTTTAC
4-ACAATWTTTKAC	STREME-4	C7B79_RS13410	38	49	+	16.39	ACAGTTTTTTAC
4-ACAATWTTTKAC	STREME-4	C7Y66_RS00330	70	81	+	16.39	ACAGTTTTTTAC
4-ACAATWTTTKAC	STREME-4	CHRO_RS02340	38	49	+	16.39	ACAGTTTTTTAC
4-ACAATWTTTKAC	STREME-4	CLLPBCKN_RS12870	38	49	+	16.39	ACAGTTTTTTAC
4-ACAATWTTTKAC	STREME-4	H6G17_RS22590	84	95	+	15.87	ACAATAATTCAC
4-ACAATWTTTKAC	STREME-4	C7B79_RS34340	249	260	+	15.21	ACAATATTACAG
4-ACAATWTTTKAC	STREME-4	CHRO_RS25085	249	260	+	15.21	ACAATATTACAG
4-ACAATWTTTKAC	STREME-4	CLLPBCKN_RS37905	249	260	+	15.21	ACAATATTACAG
4-ACAATWTTTKAC	STREME-4	N4J56_RS29155	249	260	+	15.21	ACAATATTACAG
4-ACAATWTTTKAC	STREME-4	C7Y66_RS23875	249	260	+	15.21	ACAATATTACAG
4-ACAATWTTTKAC	STREME-4	H6G17_RS01470	249	260	+	15.21	ACAATATTACAG
4-ACAATWTTTKAC	STREME-4	M5J74_RS27365	249	260	+	15.21	ACAATATTACAG
4-ACAATWTTTKAC	STREME-4	LAU37_RS20465	217	228	+	15.21	ACAATATTACAG
#
5-ACTAGCCACWGCC	STREME-5	N4J56_RS20165	213	225	+	22.18	ACTAGCCACAGCC
5-ACTAGCCACWGCC	STREME-5	M5J74_RS21170	213	225	+	22.18	ACTAGCCACAGCC
5-ACTAGCCACWGCC	STREME-5	CHRO_RS19800	213	225	+	22.18	ACTAGCCACAGCC
5-ACTAGCCACWGCC	STREME-5	CLLPBCKN_RS39770	213	225	+	22.18	ACTAGCCACAGCC
5-ACTAGCCACWGCC	STREME-5	C7B79_RS31815	213	225	+	22.18	ACTAGCCACAGCC
5-ACTAGCCACWGCC	STREME-5	H6G17_RS19500	213	225	+	21.20	ACTAGCCACAGAC
5-ACTAGCCACWGCC	STREME-5	C7B79_RS36485	24	36	-	19.07	ACTAGCCACTGAT
5-ACTAGCCACWGCC	STREME-5	M5J74_RS11045	24	36	-	19.07	ACTAGCCACTGAT
5-ACTAGCCACWGCC	STREME-5	CHRO_RS10375	24	36	-	19.07	ACTAGCCACTGAT
5-ACTAGCCACWGCC	STREME-5	CLLPBCKN_RS20905	24	36	-	19.07	ACTAGCCACTGAT
5-ACTAGCCACWGCC	STREME-5	C7Y66_RS19590	24	36	-	19.07	ACTAGCCACTGAT
5-ACTAGCCACWGCC	STREME-5	C7Y66_RS30255	232	244	-	18.57	AGTAGCCATAGCG
5-ACTAGCCACWGCC	STREME-5	M5J74_RS17425	232	244	-	18.57	AGTAGCCATAGCG
5-ACTAGCCACWGCC	STREME-5	CLLPBCKN_RS03630	232	244	-	18.57	AGTAGCCATAGCG
5-ACTAGCCACWGCC	STREME-5	H6G17_RS14270	232	244	-	18.57	AGTAGCCATAGCG
5-ACTAGCCACWGCC	STREME-5	CHRO_RS16375	232	244	-	18.57	AGTAGCCATAGCG
5-ACTAGCCACWGCC	STREME-5	C7B79_RS32290	232	244	-	18.57	AGTAGCCATAGCG
5-ACTAGCCACWGCC	STREME-5	N4J56_RS17730	232	244	-	18.57	AGTAGCCATAGCG
5-ACTAGCCACWGCC	STREME-5	M5J74_RS02570	118	130	-	18.22	ACTAGCCACTAGC
5-ACTAGCCACWGCC	STREME-5	C7B79_RS13410	118	130	-	18.22	ACTAGCCACTAGC
5-ACTAGCCACWGCC	STREME-5	C7Y66_RS00330	150	162	-	18.22	ACTAGCCACTAGC
5-ACTAGCCACWGCC	STREME-5	CHRO_RS02340	118	130	-	18.22	ACTAGCCACTAGC
5-ACTAGCCACWGCC	STREME-5	CLLPBCKN_RS12870	118	130	-	18.22	ACTAGCCACTAGC
5-ACTAGCCACWGCC	STREME-5	C7Y66_RS08460	213	225	+	17.62	AATAGCCACAGCC
5-ACTAGCCACWGCC	STREME-5	H6G17_RS09445	211	223	-	12.95	ACTAGCAATCGCC
5-ACTAGCCACWGCC	STREME-5	CHRO_RS22330	211	223	-	11.97	ACTAGCAATCGAC
5-ACTAGCCACWGCC	STREME-5	CLLPBCKN_RS27000	211	223	-	11.97	ACTAGCAATCGAC
5-ACTAGCCACWGCC	STREME-5	C7B79_RS14315	211	223	-	11.97	ACTAGCAATCGAC
5-ACTAGCCACWGCC	STREME-5	M5J74_RS23895	211	223	-	11.97	ACTAGCAATCGAC
5-ACTAGCCACWGCC	STREME-5	C7Y66_RS18030	211	223	-	11.97	ACTAGCAATCGAC
5-ACTAGCCACWGCC	STREME-5	N4J56_RS25835	211	223	-	11.97	ACTAGCAATCGAC
5-ACTAGCCACWGCC	STREME-5	H6G17_RS04625	1	13	-	9.48	ACTACCCATTACC
