motif_id	motif_alt_id	sequence_name	start	stop	strand	score	p-value	q-value	matched_sequence
motivo8prova		LAU37_RS16005	109	130	-	25.2584	7.58e-10	0.000845	AAATAGTATATCTGCACTAGTC
motivo8prova		LAU37_RS16010	231	252	+	25.2584	7.58e-10	0.000845	AAATAGTATATCTGCACTAGTC
motivo8prova		LAU37_RS03005	57	78	-	25.0337	1.05e-09	0.000845	AAATAGTTTATTTGTACTAATC
motivo8prova		LAU37_RS01810	205	226	-	24.5393	2.07e-09	0.000902	AAATAGTTCATCTGTACTATTC
motivo8prova		LAU37_RS01815	249	270	+	24.5393	2.07e-09	0.000902	AAATAGTTCATCTGTACTATTC
motivo8prova		LAU37_RS05875	103	124	+	24.4831	2.23e-09	0.000902	TTATAGTACATTTGTACTATTT
motivo8prova		LAU37_RS05875	103	124	-	23.7303	5.56e-09	0.00192	AAATAGTACAAATGTACTATAA
motivo8prova		LAU37_RS14595	90	111	-	22.4045	2.17e-08	0.00585	TTATAGTACATATGTACTAGTA
motivo8prova		LAU37_RS14590	140	161	+	22.4045	2.17e-08	0.00585	TTATAGTACATATGTACTAGTA
motivo8prova		LAU37_RS31200	80	101	-	21.4719	4.89e-08	0.0118	ACATAGTTCATTTGAACTATGT
motivo8prova		LAU37_RS16880	19	40	+	21.2921	5.66e-08	0.0125	ATGTAGTAAATTTGTACTAATC
motivo8prova		LAU37_RS28065	133	154	+	20.8539	7.97e-08	0.0137	ATTAAGTACACTTGTACTAAAA
motivo8prova		LAU37_RS28060	198	219	-	20.8539	7.97e-08	0.0137	ATTAAGTACACTTGTACTAAAA
motivo8prova		LAU37_RS29575	221	242	+	20.7753	8.46e-08	0.0137	ATCTAGTAAATTTGTACTAAAT
motivo8prova		LAU37_RS29570	248	269	-	20.7753	8.46e-08	0.0137	ATCTAGTAAATTTGTACTAAAT
motivo8prova		LAU37_RS31200	80	101	+	20.1573	1.33e-07	0.0201	ACATAGTTCAAATGAACTATGT
motivo8prova		LAU37_RS27585	172	193	+	19.6742	1.85e-07	0.0248	TTTTAGTACCAGTGTACTAATC
motivo8prova		LAU37_RS27590	166	187	-	19.6742	1.85e-07	0.0248	TTTTAGTACCAGTGTACTAATC
motivo8prova		LAU37_RS14595	90	111	+	19.4831	2.1e-07	0.0254	TACTAGTACATATGTACTATAA
motivo8prova		LAU37_RS14590	140	161	-	19.4831	2.1e-07	0.0254	TACTAGTACATATGTACTATAA
motivo8prova		LAU37_RS19335	170	191	-	19.1348	2.63e-07	0.0289	ATTGAGTACCACTGTACTATTT
motivo8prova		LAU37_RS19340	192	213	+	19.1348	2.63e-07	0.0289	ATTGAGTACCACTGTACTATTT
motivo8prova		LAU37_RS28065	133	154	-	18.2135	4.6e-07	0.0464	TTTTAGTACAAGTGTACTTAAT
motivo8prova		LAU37_RS28060	198	219	+	18.2135	4.6e-07	0.0464	TTTTAGTACAAGTGTACTTAAT
motivo8prova		LAU37_RS19450	87	108	-	17.382	7.36e-07	0.0713	CAGTAGTACAAATGAACTATAA
motivo8prova		LAU37_RS21505	269	290	+	16.8539	9.75e-07	0.0905	ATAGAGTACACTTGTACTGAAG
motivo8prova		LAU37_RS14470	78	99	+	16.7865	1.01e-06	0.0905	TTGTAGTACGAATGTTCTATAG
motivo8prova		LAU37_RS27590	166	187	+	16.3258	1.28e-06	0.104	GATTAGTACACTGGTACTAAAA
motivo8prova		LAU37_RS27585	172	193	-	16.3258	1.28e-06	0.104	GATTAGTACACTGGTACTAAAA
motivo8prova		LAU37_RS08430	23	44	+	16.3034	1.29e-06	0.104	TTAAAGTAAACTTGTACTAAAG
motivo8prova		LAU37_RS03005	57	78	+	16.0562	1.46e-06	0.114	GATTAGTACAAATAAACTATTT
motivo8prova		LAU37_RS26105	283	304	+	15.5955	1.82e-06	0.134	ATAAAGTGTCTTTGTACTATGG
motivo8prova		LAU37_RS28480	10	31	+	15.5281	1.88e-06	0.134	GGCAAGTTTAACAGTACTAGAC
motivo8prova		LAU37_RS28475	159	180	-	15.5281	1.88e-06	0.134	GGCAAGTTTAACAGTACTAGAC
motivo8prova		LAU37_RS10905	201	222	+	15.3371	2.05e-06	0.142	AACAAGTTTGACTCAACTAAAC
motivo8prova		LAU37_RS14835	32	53	+	15.1236	2.26e-06	0.152	GCAAAGTTTGAAAGGACTAAAC
motivo8prova		LAU37_RS29790	139	160	-	14.2809	3.28e-06	0.2	TATTAGTACGTATATACTAACT
motivo8prova		LAU37_RS29795	172	193	+	14.2809	3.28e-06	0.2	TATTAGTACGTATATACTAACT
motivo8prova		LAU37_RS14940	100	121	+	14.2584	3.31e-06	0.2	AGAAAGTATGCATGCTCTAATC
motivo8prova		LAU37_RS14945	200	221	-	14.2584	3.31e-06	0.2	AGAAAGTATGCATGCTCTAATC
motivo8prova		LAU37_RS06420	184	205	-	14.0112	3.67e-06	0.212	CAGTAGTGTATTAGTTCTGATT
motivo8prova		LAU37_RS06415	324	345	+	14.0112	3.67e-06	0.212	CAGTAGTGTATTAGTTCTGATT
motivo8prova		LAU37_RS17510	91	112	+	13.5506	4.44e-06	0.248	GTTGAGTGTGATTAAACTAGTT
motivo8prova		LAU37_RS13180	169	190	+	13.4831	4.57e-06	0.248	CATTAGTACAAAGGCTCTAATT
motivo8prova		LAU37_RS05620	278	299	+	13.4157	4.69e-06	0.248	GACAAGTTTGTCTACTCTAAAC
motivo8prova		LAU37_RS04690	232	253	+	13.4045	4.71e-06	0.248	AATTAGTAAGAATATACTAAAG
motivo8prova		LAU37_RS13160	163	184	+	13.2809	4.95e-06	0.255	TAGAAGTGTGACTGATCTGTAC
motivo8prova		LAU37_RS24940	36	57	+	12.9663	5.61e-06	0.283	GTGGAGTATGTCAAATCTAGTT
motivo8prova		LAU37_RS09610	79	100	+	12.8427	5.89e-06	0.284	CCCTAGTCCATAAGCACTAAGT
motivo8prova		LAU37_RS00770	77	98	+	12.7978	5.99e-06	0.284	TTTTAGTGTATTTCAACTAAGA
motivo8prova		LAU37_RS00775	214	235	-	12.7978	5.99e-06	0.284	TTTTAGTGTATTTCAACTAAGA
motivo8prova		LAU37_RS24020	143	164	-	12.6517	6.34e-06	0.288	TATGAGTTCAATTAAACTAGAG
motivo8prova		LAU37_RS26090	83	104	-	12.4944	6.74e-06	0.288	ATATATTTTAATAGTACTAAAA
motivo8prova		LAU37_RS25225	221	242	+	12.4831	6.76e-06	0.288	TAAAAGTTAAATACTTCTAAAT
motivo8prova		LAU37_RS08260	60	81	-	12.3933	7e-06	0.288	TTTGAGTATATAAGAACTAACA
motivo8prova		LAU37_RS08255	241	262	+	12.3933	7e-06	0.288	TTTGAGTATATAAGAACTAACA
motivo8prova		LAU37_RS01810	205	226	+	12.3596	7.09e-06	0.288	GAATAGTACAGATGAACTATTT
motivo8prova		LAU37_RS01815	249	270	-	12.3596	7.09e-06	0.288	GAATAGTACAGATGAACTATTT
motivo8prova		LAU37_RS05750	322	343	-	12.3371	7.15e-06	0.288	AATGAGTGCGTGAGAACTCAGC
motivo8prova		LAU37_RS09275	276	297	-	12.2809	7.3e-06	0.288	TTTTAGTATCTCTCCACTATTT
motivo8prova		LAU37_RS29575	221	242	-	12.2472	7.4e-06	0.288	ATTTAGTACAAATTTACTAGAT
motivo8prova		LAU37_RS29570	248	269	+	12.2472	7.4e-06	0.288	ATTTAGTACAAATTTACTAGAT
motivo8prova		LAU37_RS04000	142	163	-	12.1685	7.62e-06	0.288	ACAAAGTCAAACTAAACTAGGT
motivo8prova		LAU37_RS03995	176	197	+	12.1685	7.62e-06	0.288	ACAAAGTCAAACTAAACTAGGT
motivo8prova		LAU37_RS19450	87	108	+	12.0112	8.08e-06	0.301	TTATAGTTCATTTGTACTACTG
motivo8prova		LAU37_RS24020	143	164	+	11.9101	8.39e-06	0.308	CTCTAGTTTAATTGAACTCATA
motivo8prova		LAU37_RS23185	228	249	+	11.7079	9.04e-06	0.327	ATAAAGTGCAATTCCTCTGTAT
motivo8prova		LAU37_RS12255	275	296	+	11.4719	9.85e-06	0.351	ATCTAGTAAAAGAGTTCTGTTA
motivo8prova		LAU37_RS14595	110	131	+	11.3483	1.03e-05	0.356	AATTAGTACGATAGAACCAGGT
motivo8prova		LAU37_RS14590	120	141	-	11.3483	1.03e-05	0.356	AATTAGTACGATAGAACCAGGT
motivo8prova		LAU37_RS19450	150	171	+	11.2697	1.06e-05	0.361	AGGTAGTATGAAAGAACTCAAA
motivo8prova		LAU37_RS13675	70	91	+	11.1236	1.12e-05	0.375	ATGAAGTTCTACTGAACTTGGT
motivo8prova		LAU37_RS16350	44	65	+	11.0899	1.13e-05	0.375	CAATAGTACGTCATTACTATTT
motivo8prova		LAU37_RS25320	90	111	-	10.8427	1.23e-05	0.377	ATTAATTATGTCTGTACTAGAA
motivo8prova		LAU37_RS25315	294	315	+	10.8427	1.23e-05	0.377	ATTAATTATGTCTGTACTAGAA
motivo8prova		LAU37_RS14280	73	94	-	10.8315	1.24e-05	0.377	AAATAGCATATTTCTACTAATT
motivo8prova		LAU37_RS14275	105	126	+	10.8315	1.24e-05	0.377	AAATAGCATATTTCTACTAATT
motivo8prova		LAU37_RS01145	262	283	-	10.8315	1.24e-05	0.377	GTAGAGTAGACTTGAACTCAGT
motivo8prova		LAU37_RS17695	210	231	+	10.7303	1.28e-05	0.377	CCTGAGTGCAACTGGACTAGAG
motivo8prova		LAU37_RS00770	77	98	-	10.7079	1.29e-05	0.377	TCTTAGTTGAAATACACTAAAA
motivo8prova		LAU37_RS10340	131	152	-	10.7079	1.29e-05	0.377	CAAAAGTACATTTGTACCAGGC
motivo8prova		LAU37_RS00775	214	235	+	10.7079	1.29e-05	0.377	TCTTAGTTGAAATACACTAAAA
motivo8prova		LAU37_RS10345	250	271	+	10.7079	1.29e-05	0.377	CAAAAGTACATTTGTACCAGGC
motivo8prova		LAU37_RS18910	40	61	-	10.6404	1.32e-05	0.381	AGGTAGTAACAATGTACTATAA
motivo8prova		LAU37_RS02590	59	80	+	10.5618	1.36e-05	0.381	GCAAAATACATGAGAACTAATT
motivo8prova		LAU37_RS18410	184	205	+	10.5393	1.37e-05	0.381	GCCTAGTAGACCAACACTAAGT
motivo8prova		LAU37_RS18405	327	348	-	10.5393	1.37e-05	0.381	GCCTAGTAGACCAACACTAAGT
motivo8prova		LAU37_RS11760	93	114	-	10.4494	1.41e-05	0.387	CACAAGTGCATTTGATCTGGAA
motivo8prova		LAU37_RS11125	56	77	-	10.3708	1.45e-05	0.387	GAACAGTAGATCTGCTCTAAAT
motivo8prova		LAU37_RS25300	235	256	+	10.3708	1.45e-05	0.387	AACTAGTATATCTACTCTCTGT
motivo8prova		LAU37_RS25305	236	257	-	10.3708	1.45e-05	0.387	AACTAGTATATCTACTCTCTGT
motivo8prova		LAU37_RS09735	229	250	-	10.2472	1.52e-05	0.399	TAAAAATTTAAAAGTACTAATT
motivo8prova		LAU37_RS27010	23	44	+	10.1685	1.56e-05	0.405	ATGAAGTGCCAAAGTTCTGGAA
motivo8prova		LAU37_RS29585	180	201	-	10.1348	1.58e-05	0.405	AAAGAGTTCTTCTAGACTAAGC
motivo8prova		LAU37_RS04850	276	297	+	10.1124	1.59e-05	0.405	AAAAAGCACGAGAGCACTGAAT
motivo8prova		LAU37_RS19850	31	52	-	10.0225	1.64e-05	0.408	ACTGAGTTTATTTCTACTCATT
motivo8prova		LAU37_RS19855	325	346	+	10.0225	1.64e-05	0.408	ACTGAGTTTATTTCTACTCATT
motivo8prova		LAU37_RS24765	34	55	-	9.78652	1.77e-05	0.428	TAAAAGTGGATTTAGTCTAAAT
motivo8prova		LAU37_RS02865	49	70	+	9.77528	1.78e-05	0.428	GATAAGTTTATTACCACTAACC
motivo8prova		LAU37_RS12570	136	157	+	9.74157	1.8e-05	0.428	ATGTAGTAGATTTGTACAATAT
motivo8prova		LAU37_RS12575	126	147	-	9.74157	1.8e-05	0.428	ATGTAGTAGATTTGTACAATAT
motivo8prova		LAU37_RS27370	136	157	+	9.70787	1.82e-05	0.428	TTAAAGTTTCATTCTACTGAGC
motivo8prova		LAU37_RS27375	247	268	-	9.70787	1.82e-05	0.428	TTAAAGTTTCATTCTACTGAGC
motivo8prova		LAU37_RS11365	225	246	-	9.66292	1.85e-05	0.43	AAAGAGTAGATGAAAACTTATT
motivo8prova		LAU37_RS06005	40	61	+	9.61798	1.88e-05	0.432	AGCAAGTTCCTCAACACTAATT
motivo8prova		LAU37_RS31345	279	300	-	9.51685	1.94e-05	0.443	TAAAAGTCTCTATAAACTAAAA
motivo8prova		LAU37_RS10950	68	89	-	9.34831	2.05e-05	0.46	AACTAGTTCATCTGTTCCAAGA
motivo8prova		LAU37_RS22620	223	244	-	9.34831	2.05e-05	0.46	TGAGAGTTCAATTCTTCTATAA
motivo8prova		LAU37_RS09180	24	45	-	9.29213	2.09e-05	0.46	GAGAAGTAGGAAAGCTCTCGTT
motivo8prova		LAU37_RS24090	200	221	+	9.29213	2.09e-05	0.46	AAAGAGTGGGTTAAATCTAATG
motivo8prova		LAU37_RS15200	58	79	-	9.21348	2.14e-05	0.468	AAAGATTAGAACAGTTCTAATT
motivo8prova		LAU37_RS09100	54	75	-	9.11236	2.22e-05	0.478	TTAGGGTTTATCTGTTCTAATC
motivo8prova		LAU37_RS05550	136	157	-	9.08989	2.23e-05	0.478	GCTGAGTATTTCAGATCTAGAG
motivo8prova		LAU37_RS06485	154	175	+	9.06742	2.25e-05	0.478	CTTGAGTTCGCCAGTACTGGGA
motivo8prova		LAU37_RS06315	186	207	+	9.01124	2.29e-05	0.478	TAGAAGTAGCAGTATTCTATTT
motivo8prova		LAU37_RS06310	186	207	-	9.01124	2.29e-05	0.478	TAGAAGTAGCAGTATTCTATTT
motivo8prova		LAU37_RS30965	189	210	+	8.91011	2.37e-05	0.49	ACCTAGTATGTATCCACTTGTT
motivo8prova		LAU37_RS09820	75	96	-	8.88764	2.39e-05	0.49	TTAGAGTTAAACAGCTCTTTTT
motivo8prova		LAU37_RS27545	202	223	-	8.79775	2.46e-05	0.492	TAATAGTTAAATTTCACTAAGT
motivo8prova		LAU37_RS11620	191	212	-	8.78652	2.47e-05	0.492	ATATAGTTAGCGTGCTCTTAGC
motivo8prova		LAU37_RS29820	12	33	+	8.74157	2.5e-05	0.492	ACAAAGTGCCACGGTTCTTAGT
motivo8prova		LAU37_RS19945	246	267	+	8.68539	2.55e-05	0.492	CTATAGTTTAATTGTTCGAGAT
motivo8prova		LAU37_RS19950	255	276	-	8.68539	2.55e-05	0.492	CTATAGTTTAATTGTTCGAGAT
motivo8prova		LAU37_RS20425	159	180	+	8.66292	2.57e-05	0.492	AATAAGTTTGTTTTTTCTAAGT
motivo8prova		LAU37_RS30905	13	34	+	8.60674	2.61e-05	0.492	ATTTAGTAGATTTATTCTTGGT
motivo8prova		LAU37_RS15385	20	41	+	8.60674	2.61e-05	0.492	AAAAAGAACACCAGAACTAGAG
motivo8prova		LAU37_RS27000	47	68	-	8.57303	2.64e-05	0.492	TATAAGTAACCCAGATCTATTT
motivo8prova		LAU37_RS19335	170	191	+	8.57303	2.64e-05	0.492	AAATAGTACAGTGGTACTCAAT
motivo8prova		LAU37_RS19340	192	213	-	8.57303	2.64e-05	0.492	AAATAGTACAGTGGTACTCAAT
motivo8prova		LAU37_RS07510	294	315	+	8.57303	2.64e-05	0.492	GAGTAGGATGTATGCACTAGAA
motivo8prova		LAU37_RS05485	35	56	+	8.47191	2.73e-05	0.504	AGGTAATATAAATGTACTAATC
motivo8prova		LAU37_RS05890	243	264	-	8.4382	2.76e-05	0.506	TACTAGGTTAAATGTACTAGTC
motivo8prova		LAU37_RS01105	29	50	-	8.37079	2.82e-05	0.511	AATAAGTATATTTGCTATAGTA
motivo8prova		LAU37_RS01145	262	283	+	8.33708	2.85e-05	0.511	ACTGAGTTCAAGTCTACTCTAC
motivo8prova		LAU37_RS01620	48	69	+	8.2809	2.9e-05	0.511	CACAAGTGCCAGAGGACTAGAA
motivo8prova		LAU37_RS04625	39	60	-	8.25843	2.92e-05	0.511	ATATAATTTAAGAGATCTAAGC
motivo8prova		LAU37_RS04630	147	168	+	8.25843	2.92e-05	0.511	ATATAATTTAAGAGATCTAAGC
motivo8prova		LAU37_RS06405	226	247	-	8.25843	2.92e-05	0.511	AAGTTGTACAATTGCACTATCA
motivo8prova		LAU37_RS00030	202	223	-	8.24719	2.93e-05	0.511	AAGAAGTAGGATTGAAATAATA
motivo8prova		LAU37_RS08970	193	214	+	8.20225	2.98e-05	0.511	AGATAGTTTTCTTATTCTAAAT
motivo8prova		LAU37_RS08975	259	280	-	8.20225	2.98e-05	0.511	AGATAGTTTTCTTATTCTAAAT
motivo8prova		LAU37_RS23880	141	162	+	8.14607	3.03e-05	0.513	TTCTAGTATGTAGCAACTAGAC
motivo8prova		LAU37_RS23875	256	277	-	8.14607	3.03e-05	0.513	TTCTAGTATGTAGCAACTAGAC
motivo8prova		LAU37_RS14505	159	180	+	8.1236	3.05e-05	0.513	TGAGAGTTCTTCTGCTCTGATT
motivo8prova		LAU37_RS25340	146	167	+	8.10112	3.07e-05	0.513	CCTGAGTGACAAAGTACTAAAT
motivo8prova		LAU37_RS08105	28	49	-	8.01124	3.16e-05	0.517	AAATAGTTTTATTGAATTAAGT
motivo8prova		LAU37_RS09610	79	100	-	7.93258	3.24e-05	0.517	ACTTAGTGCTTATGGACTAGGG
motivo8prova		LAU37_RS00380	88	109	+	7.91011	3.27e-05	0.517	TAACAGTACATTTGCACTGTTG
motivo8prova		LAU37_RS28800	209	230	+	7.91011	3.27e-05	0.517	ATGTACTACAACTCCACTAATA
motivo8prova		LAU37_RS28795	190	211	-	7.91011	3.27e-05	0.517	ATGTACTACAACTCCACTAATA
motivo8prova		LAU37_RS00385	237	258	-	7.91011	3.27e-05	0.517	TAACAGTACATTTGCACTGTTG
motivo8prova		LAU37_RS29790	139	160	+	7.85393	3.32e-05	0.517	AGTTAGTATATACGTACTAATA
motivo8prova		LAU37_RS29795	172	193	-	7.85393	3.32e-05	0.517	AGTTAGTATATACGTACTAATA
motivo8prova		LAU37_RS16415	209	230	-	7.83146	3.35e-05	0.517	TTAAAGTAAAACTCAACTCTGT
motivo8prova		LAU37_RS19340	152	173	-	7.80899	3.37e-05	0.517	ACAAAGCTAAACTGTACTAGGA
motivo8prova		LAU37_RS19335	210	231	+	7.80899	3.37e-05	0.517	ACAAAGCTAAACTGTACTAGGA
motivo8prova		LAU37_RS03550	261	282	+	7.78652	3.4e-05	0.517	AAGTAGTTTGCATACTCTGAAA
motivo8prova		LAU37_RS15535	283	304	+	7.78652	3.4e-05	0.517	GTAAAGTGCGAGTGAACCATGC
motivo8prova		LAU37_RS04310	294	315	+	7.78652	3.4e-05	0.517	GAACAGTATGAATGAACTAACA
motivo8prova		LAU37_RS21815	103	124	-	7.73034	3.46e-05	0.522	ACTGATTTTGATTGTTCTAAAT
motivo8prova		LAU37_RS22815	12	33	-	7.68539	3.51e-05	0.522	TATTAGTAAAATTGCAATAAGC
motivo8prova		LAU37_RS04860	226	247	-	7.68539	3.51e-05	0.522	GTGTAGTTTAATACATCTATCT
motivo8prova		LAU37_RS00560	91	112	-	7.67416	3.52e-05	0.522	ATAAACTGCATCAGCTCTAAAG
motivo8prova		LAU37_RS01330	26	47	+	7.57303	3.63e-05	0.536	ATCAAGTTAACTTGCTCTCAAC
motivo8prova		LAU37_RS31565	199	220	+	7.55056	3.66e-05	0.536	TGAAAGTGTCATAGGACTAGAG
motivo8prova		LAU37_RS24035	242	263	-	7.51685	3.7e-05	0.539	CTCTAGAACATCTGCTCTAATC
motivo8prova		LAU37_RS19850	31	52	+	7.40449	3.83e-05	0.545	AATGAGTAGAAATAAACTCAGT
motivo8prova		LAU37_RS19855	325	346	-	7.40449	3.83e-05	0.545	AATGAGTAGAAATAAACTCAGT
motivo8prova		LAU37_RS20890	87	108	+	7.38202	3.85e-05	0.545	GATTAGTAAAAATGTTCTACTT
motivo8prova		LAU37_RS06990	119	140	-	7.35955	3.88e-05	0.545	AAAAAGAGTGTTTAAACTAAAC
motivo8prova		LAU37_RS06985	248	269	+	7.35955	3.88e-05	0.545	AAAAAGAGTGTTTAAACTAAAC
motivo8prova		LAU37_RS21055	133	154	-	7.34831	3.9e-05	0.545	GTAAAGTGTCACTGCATTAGTT
motivo8prova		LAU37_RS18175	235	256	+	7.32584	3.92e-05	0.545	AAAAAGTGTGTTTGCACGAACA
motivo8prova		LAU37_RS15480	167	188	+	7.29213	3.96e-05	0.545	TTAAAGTACACATAGTCTAGTG
motivo8prova		LAU37_RS14955	208	229	+	7.29213	3.96e-05	0.545	ATGGAGTGTGTAAATTCTAGCC
motivo8prova		LAU37_RS14960	303	324	-	7.29213	3.96e-05	0.545	ATGGAGTGTGTAAATTCTAGCC
motivo8prova		LAU37_RS16040	85	106	+	7.25843	4.01e-05	0.545	GATGAGTATTACTACACTCAAC
motivo8prova		LAU37_RS17730	121	142	-	7.21348	4.06e-05	0.545	CAGTAGTTCCCTACTTCTAAAT
motivo8prova		LAU37_RS17720	186	207	+	7.21348	4.06e-05	0.545	CAGTAGTTCCCTACTTCTAAAT
motivo8prova		LAU37_RS24030	200	221	+	7.21348	4.06e-05	0.545	AATTATTAGGTGAGTACTAGTA
motivo8prova		LAU37_RS03240	97	118	+	7.20225	4.08e-05	0.545	AAAAAGCCTAACTGCTCTAATG
motivo8prova		LAU37_RS13480	186	207	+	7.13483	4.16e-05	0.549	GTTAAGTATTTAACTACTAAAG
motivo8prova		LAU37_RS00260	283	304	-	7.13483	4.16e-05	0.549	CCAAAGTTAATCAGAACTTTTA
motivo8prova		LAU37_RS24885	24	45	-	7.10112	4.21e-05	0.549	GATTAATCTAATAGCACTAGTT
motivo8prova		LAU37_RS12065	75	96	+	7.10112	4.21e-05	0.549	ACTGAGTTTGATACTACTTGGC
motivo8prova		LAU37_RS13180	169	190	-	7.07865	4.24e-05	0.549	AATTAGAGCCTTTGTACTAATG
motivo8prova		LAU37_RS13850	24	45	-	7.05618	4.27e-05	0.549	TTGGGGTATAACTATACTAGAT
motivo8prova		LAU37_RS13845	154	175	+	7.05618	4.27e-05	0.549	TTGGGGTATAACTATACTAGAT
motivo8prova		LAU37_RS20925	40	61	+	7.02247	4.31e-05	0.552	TAGGAGTTCCAAGACACTAATT
motivo8prova		LAU37_RS10570	8	29	+	6.97753	4.37e-05	0.553	ATCAAGTAAGTCATTACTAAGC
motivo8prova		LAU37_RS16115	204	225	-	6.96629	4.39e-05	0.553	TGATAGTTTAATTGAAGTAGAC
motivo8prova		LAU37_RS12245	235	256	-	6.96629	4.39e-05	0.553	TAATAGAGTGACTCAACTAAAT
motivo8prova		LAU37_RS05785	31	52	+	6.94382	4.42e-05	0.553	GATTCGTGCAAGAGATCTAATC
motivo8prova		LAU37_RS22990	1	22	-	6.93258	4.43e-05	0.553	ATTAAGTTGATTTCTACTGGTG
motivo8prova		LAU37_RS19350	272	293	+	6.88764	4.49e-05	0.553	TTATAGTTTATCAGCGCTGTTT
motivo8prova		LAU37_RS04065	279	300	-	6.88764	4.49e-05	0.553	CTAAAGTCTATCTCCTCTAACT
motivo8prova		LAU37_RS30980	236	257	-	6.8764	4.51e-05	0.553	AAGAAGTATGATAGGTCAAATT
motivo8prova		LAU37_RS31880	55	76	-	6.86517	4.52e-05	0.553	GTATAGTCTGAGAGCACTACTG
motivo8prova		LAU37_RS30680	161	182	-	6.8427	4.56e-05	0.554	CAGTAGTACAAATGTACTGCAA
motivo8prova		LAU37_RS25685	110	131	-	6.79775	4.62e-05	0.558	AAAGAGTATTACAATACTTGGG
motivo8prova		LAU37_RS22910	268	289	-	6.78652	4.63e-05	0.558	CCCTAGTTTAACTAGACTGATC
motivo8prova		LAU37_RS07670	102	123	+	6.75281	4.68e-05	0.561	AACTACTATCACTGCTCTAATA
motivo8prova		LAU37_RS02490	27	48	-	6.73034	4.72e-05	0.562	GATGAGTTTAATAACTCTGTAA
motivo8prova		LAU37_RS07545	104	125	-	6.67416	4.8e-05	0.567	TGAAAGTGCGATTGCAGTAGAC
motivo8prova		LAU37_RS01225	253	274	+	6.67416	4.8e-05	0.567	TTGAAGTTTTTCTATACTGTAA
motivo8prova		LAU37_RS08385	145	166	+	6.53933	5e-05	0.572	CTAAAGTTTTAATCCACTAGTA
motivo8prova		LAU37_RS20480	196	217	-	6.53933	5e-05	0.572	ATCAAGTTCGTAACTTCTGTTC
motivo8prova		LAU37_RS08390	254	275	-	6.53933	5e-05	0.572	CTAAAGTTTTAATCCACTAGTA
motivo8prova		LAU37_RS17605	2	23	-	6.52809	5.02e-05	0.572	AAAAAATTAGTGAGTTCTAAAT
motivo8prova		LAU37_RS05750	6	27	-	6.51685	5.03e-05	0.572	AAAGAGTGTTTTTGAACTGGCG
motivo8prova		LAU37_RS05745	296	317	+	6.51685	5.03e-05	0.572	AAAGAGTGTTTTTGAACTGGCG
motivo8prova		LAU37_RS01390	22	43	-	6.47191	5.1e-05	0.572	CACAAGTCGGATAGTACTTGAC
motivo8prova		LAU37_RS21880	7	28	+	6.44944	5.14e-05	0.572	ATATAGTATGCCTGTTCAAGCC
motivo8prova		LAU37_RS21885	69	90	-	6.44944	5.14e-05	0.572	ATATAGTATGCCTGTTCAAGCC
motivo8prova		LAU37_RS31780	127	148	-	6.4382	5.16e-05	0.572	GCAAAGGGCTTCTGTACTAAGC
motivo8prova		LAU37_RS27010	140	161	+	6.42697	5.17e-05	0.572	CCAAAGTTGAATGGCACTAGCA
motivo8prova		LAU37_RS22145	54	75	-	6.41573	5.19e-05	0.572	TTTGAGTAAATCAGGACTTTAT
motivo8prova		LAU37_RS25230	179	200	-	6.40449	5.21e-05	0.572	ATAACGTATGTATGAACTCAAT
motivo8prova		LAU37_RS31705	240	261	+	6.40449	5.21e-05	0.572	ATAACGTATGTATGAACTCAAT
motivo8prova		LAU37_RS04260	39	60	+	6.39326	5.23e-05	0.572	TTAGAGTTTGGAAGAACTAGTA
motivo8prova		LAU37_RS17790	81	102	-	6.38202	5.25e-05	0.572	ACGGAGTTGTTAAGCTCTATTT
motivo8prova		LAU37_RS17795	187	208	+	6.38202	5.25e-05	0.572	ACGGAGTTGTTAAGCTCTATTT
motivo8prova		LAU37_RS27900	245	266	+	6.32584	5.34e-05	0.574	AATAATTCTAACTGCTCTAATA
motivo8prova		LAU37_RS20595	296	317	-	6.31461	5.35e-05	0.574	TATAAGTTAACTAACACTGAAT
motivo8prova		LAU37_RS15200	55	76	+	6.30337	5.37e-05	0.574	TCTAATTAGAACTGTTCTAATC
motivo8prova		LAU37_RS22970	25	46	-	6.29213	5.39e-05	0.574	GTAAAGTACCCAAGCACTTTTG
motivo8prova		LAU37_RS20465	221	242	+	6.2809	5.41e-05	0.574	CAATAGAAGATGAGTACTATTC
motivo8prova		LAU37_RS20460	274	295	-	6.2809	5.41e-05	0.574	CAATAGAAGATGAGTACTATTC
motivo8prova		LAU37_RS07710	79	100	+	6.24719	5.46e-05	0.577	CTAAAGTAGGAGTTTACTATTT
motivo8prova		LAU37_RS19970	148	169	-	6.23596	5.48e-05	0.577	ATTTAGTGTAATGCCTCTAGGG
motivo8prova		LAU37_RS23955	139	160	-	6.19101	5.56e-05	0.58	GATAAGTTTAAGTGTTTTAGAA
motivo8prova		LAU37_RS11205	136	157	+	6.1573	5.62e-05	0.58	AAATACTGCGTAAGTTCTAACT
motivo8prova		LAU37_RS20465	221	242	-	6.14607	5.63e-05	0.58	GAATAGTACTCATCTTCTATTG
motivo8prova		LAU37_RS20460	274	295	+	6.14607	5.63e-05	0.58	GAATAGTACTCATCTTCTATTG
motivo8prova		LAU37_RS12640	155	176	+	6.13483	5.65e-05	0.58	ACTGAGTAATTCTGCTCTGAGA
motivo8prova		LAU37_RS12635	152	173	-	6.13483	5.65e-05	0.58	ACTGAGTAATTCTGCTCTGAGA
motivo8prova		LAU37_RS05890	243	264	+	6.10112	5.71e-05	0.583	GACTAGTACATTTAACCTAGTA
motivo8prova		LAU37_RS00135	163	184	+	6.06742	5.77e-05	0.584	TCAAAGTACCCATACTCTAACT
motivo8prova		LAU37_RS00130	193	214	-	6.06742	5.77e-05	0.584	TCAAAGTACCCATACTCTAACT
motivo8prova		LAU37_RS09885	124	145	+	6.01124	5.87e-05	0.59	TAAAAATTTATTAGTACTGTTC
motivo8prova		LAU37_RS23890	228	249	+	6	5.89e-05	0.59	AGAAAGTGAAGTAGTACTAAGT
motivo8prova		LAU37_RS03655	280	301	-	5.97753	5.93e-05	0.59	TAGAAGCTCGTTTGTTCTGATT
motivo8prova		LAU37_RS29820	27	48	-	5.96629	5.95e-05	0.59	ATTAACTTCGACTGGACTAAGA
motivo8prova		LAU37_RS03005	49	70	+	5.96629	5.95e-05	0.59	CTATAGTTGATTAGTACAAATA
motivo8prova		LAU37_RS13900	121	142	+	5.92135	6.03e-05	0.592	ACAAAGAAAGCGAGCACTAATT
motivo8prova		LAU37_RS14555	10	31	+	5.91011	6.05e-05	0.592	CATGAGTTGATAAATACTAAAG
motivo8prova		LAU37_RS14550	53	74	-	5.91011	6.05e-05	0.592	CATGAGTTGATAAATACTAAAG
motivo8prova		LAU37_RS13675	5	26	+	5.88764	6.09e-05	0.592	AATATGTAAGAGTGCTCTAGTT
motivo8prova		LAU37_RS06950	55	76	-	5.88764	6.09e-05	0.592	GTGTAGTGCAAAAATACTTGCC
motivo8prova		LAU37_RS20820	226	247	+	5.8764	6.11e-05	0.592	GAGGAGTGAGTGAATTCTATGA
motivo8prova		LAU37_RS01145	291	312	+	5.86517	6.13e-05	0.592	GACAAGTGCGATGAATCTGATT
motivo8prova		LAU37_RS10060	26	47	+	5.82022	6.22e-05	0.594	AAAGAGTTAACTTCAACTGGTA
motivo8prova		LAU37_RS16995	231	252	+	5.80899	6.24e-05	0.594	ATGTAGTATCTCTATTCTCTGG
motivo8prova		LAU37_RS10230	291	312	+	5.77528	6.3e-05	0.594	GAGAAGCACGATGGTTCTAAAA
motivo8prova		LAU37_RS04735	23	44	+	5.74157	6.37e-05	0.594	TTGTAGTATCCTTGTAATAATA
motivo8prova		LAU37_RS19155	210	231	-	5.74157	6.37e-05	0.594	TTAAATTTTAACTGTTCTGGGT
motivo8prova		LAU37_RS04740	275	296	-	5.74157	6.37e-05	0.594	TTGTAGTATCCTTGTAATAATA
motivo8prova		LAU37_RS17510	11	32	+	5.73034	6.39e-05	0.594	ACTTAGGGTGATTGTTCTAACT
motivo8prova		LAU37_RS16980	14	35	-	5.73034	6.39e-05	0.594	ATAAAGTAAAAGTGAACAGGTT
motivo8prova		LAU37_RS16985	204	225	+	5.73034	6.39e-05	0.594	ATAAAGTAAAAGTGAACAGGTT
motivo8prova		LAU37_RS12255	283	304	-	5.70787	6.43e-05	0.594	ACATAGGTTAACAGAACTCTTT
motivo8prova		LAU37_RS12340	73	94	+	5.69663	6.45e-05	0.594	CGAAAGTTAAACAAAACTATTA
motivo8prova		LAU37_RS20965	109	130	-	5.68539	6.47e-05	0.594	TTGAAGTGCGAGAGTTCCAGGC
motivo8prova		LAU37_RS04555	226	247	+	5.68539	6.47e-05	0.594	AAGTAGGAAATGAATACTAATT
motivo8prova		LAU37_RS01935	68	89	+	5.64045	6.56e-05	0.594	GCATAGTAATAATAAACTGAGT
motivo8prova		LAU37_RS12615	20	41	+	5.60674	6.63e-05	0.594	GATAAGTGCTTGAAAACTGAGT
motivo8prova		LAU37_RS08305	79	100	-	5.60674	6.63e-05	0.594	AACAATTTAAATAGAACTAAAC
motivo8prova		LAU37_RS27205	191	212	-	5.57303	6.69e-05	0.594	GTTTAGTGTACCGCTTCTATAC
motivo8prova		LAU37_RS27210	296	317	+	5.57303	6.69e-05	0.594	GTTTAGTGTACCGCTTCTATAC
motivo8prova		LAU37_RS07440	304	325	-	5.55056	6.74e-05	0.594	AAGTAGTGACCGTGTTCTGTGC
motivo8prova		LAU37_RS15000	4	25	-	5.50562	6.83e-05	0.594	AAATAGTCAAGAAGTTCTAAGT
motivo8prova		LAU37_RS15700	94	115	-	5.47191	6.9e-05	0.594	ATCTAGTTTAACTTCACTATCC
motivo8prova		LAU37_RS06905	81	102	+	5.46067	6.92e-05	0.594	GTTGAGTAAAAAAGCTCTCAAG
motivo8prova		LAU37_RS11070	155	176	+	5.41573	7.02e-05	0.594	AAATAGTTGTTTTACTCTTAAT
motivo8prova		LAU37_RS18710	210	231	+	5.40449	7.04e-05	0.594	GTGTAGTTCACCAGCAATATTA
motivo8prova		LAU37_RS10590	127	148	+	5.39326	7.06e-05	0.594	AAAAAGCATGAATGATCTAGCC
motivo8prova		LAU37_RS18395	101	122	-	5.38202	7.09e-05	0.594	GTAAAGTATTATGGATCTCGTA
motivo8prova		LAU37_RS26105	283	304	-	5.37079	7.11e-05	0.594	CCATAGTACAAAGACACTTTAT
motivo8prova		LAU37_RS02590	87	108	+	5.35955	7.13e-05	0.594	GAAAAGTCTTTTTCTACTGTGT
motivo8prova		LAU37_RS21950	86	107	-	5.35955	7.13e-05	0.594	GTAGCGTTAATCTGAACTATAT
motivo8prova		LAU37_RS21955	238	259	+	5.35955	7.13e-05	0.594	GTAGCGTTAATCTGAACTATAT
motivo8prova		LAU37_RS29930	18	39	+	5.31461	7.23e-05	0.594	AGAGAGTGCAACGCTACTTAAT
motivo8prova		LAU37_RS05185	70	91	-	5.31461	7.23e-05	0.594	AACAAGTACCACAGAACCAAGG
motivo8prova		LAU37_RS29925	107	128	-	5.31461	7.23e-05	0.594	AGAGAGTGCAACGCTACTTAAT
motivo8prova		LAU37_RS28195	107	128	-	5.31461	7.23e-05	0.594	AGAGAGTGCAACGCTACTTAAT
motivo8prova		LAU37_RS05180	320	341	+	5.31461	7.23e-05	0.594	AACAAGTACCACAGAACCAAGG
motivo8prova		LAU37_RS22825	80	101	-	5.30337	7.25e-05	0.594	AAGGAGTTAAATAGCATTAAAA
motivo8prova		LAU37_RS03765	182	203	-	5.2809	7.3e-05	0.594	GAACAGTACGATTCATCTATTA
motivo8prova		LAU37_RS03770	303	324	+	5.2809	7.3e-05	0.594	GAACAGTACGATTCATCTATTA
motivo8prova		LAU37_RS16005	109	130	+	5.25843	7.35e-05	0.594	GACTAGTGCAGATATACTATTT
motivo8prova		LAU37_RS16010	231	252	-	5.25843	7.35e-05	0.594	GACTAGTGCAGATATACTATTT
motivo8prova		LAU37_RS09755	234	255	-	5.25843	7.35e-05	0.594	AAGTAGTAATAATGCTCTTTAA
motivo8prova		LAU37_RS09760	262	283	+	5.25843	7.35e-05	0.594	AAGTAGTAATAATGCTCTTTAA
motivo8prova		LAU37_RS13775	26	47	+	5.24719	7.38e-05	0.594	AAATAATTTAATAGTTCTTTAT
motivo8prova		LAU37_RS13780	66	87	-	5.24719	7.38e-05	0.594	AAATAATTTAATAGTTCTTTAT
motivo8prova		LAU37_RS21565	20	41	-	5.23596	7.4e-05	0.594	GGATAGTATTTCTGTACAAAGC
motivo8prova		LAU37_RS29425	85	106	+	5.23596	7.4e-05	0.594	AAGTAGTACGTTTGCTGTTAGC
motivo8prova		LAU37_RS15835	73	94	-	5.23596	7.4e-05	0.594	TTTTACTTTATAAGAACTATTT
motivo8prova		LAU37_RS15840	227	248	+	5.23596	7.4e-05	0.594	TTTTACTTTATAAGAACTATTT
motivo8prova		LAU37_RS23565	124	145	+	5.22472	7.43e-05	0.594	CAATAATTTATCTGTTCTGGAT
motivo8prova		LAU37_RS08190	234	255	-	5.21348	7.45e-05	0.594	TTTTACTTTGAGTGAACTATGA
motivo8prova		LAU37_RS28475	280	301	+	5.21348	7.45e-05	0.594	GGAAAGTTAGCTTGGTCTAGTA
motivo8prova		LAU37_RS15195	33	54	+	5.20225	7.48e-05	0.594	TTTAATTAAAACTGTTCTAGTA
motivo8prova		LAU37_RS08125	279	300	+	5.19101	7.5e-05	0.594	TTTTAGAATACCAGCACTGATT
motivo8prova		LAU37_RS24810	311	332	-	5.16854	7.55e-05	0.594	GTCAAGTAATCATGAACTAGAG
motivo8prova		LAU37_RS26680	110	131	+	5.11236	7.68e-05	0.594	AAAAAGGAACTGTGCACTAGAA
motivo8prova		LAU37_RS22810	135	156	-	5.11236	7.68e-05	0.594	AAAAAATTAACTAGAACTAGAT
motivo8prova		LAU37_RS28415	10	31	+	5.10112	7.7e-05	0.594	GACTAATTCAACTACTCTAATT
motivo8prova		LAU37_RS30905	13	34	-	5.10112	7.7e-05	0.594	ACCAAGAATAAATCTACTAAAT
motivo8prova		LAU37_RS24135	22	43	-	5.08989	7.73e-05	0.594	AAAAAGCAAATTGGAACTAAAA
motivo8prova		LAU37_RS01145	185	206	+	5.07865	7.75e-05	0.594	ATTGAGAAAGAGAGAACTAGAT
motivo8prova		LAU37_RS04820	4	25	-	5.06742	7.78e-05	0.594	GTATAGTTCATGAATAGTAAAG
motivo8prova		LAU37_RS21465	53	74	-	5.06742	7.78e-05	0.594	GATAAGTTTGTTTGGGCTAGAC
motivo8prova		LAU37_RS00380	88	109	-	5.06742	7.78e-05	0.594	CAACAGTGCAAATGTACTGTTA
motivo8prova		LAU37_RS00385	237	258	+	5.06742	7.78e-05	0.594	CAACAGTGCAAATGTACTGTTA
motivo8prova		LAU37_RS21470	245	266	+	5.06742	7.78e-05	0.594	GATAAGTTTGTTTGGGCTAGAC
motivo8prova		LAU37_RS04230	1	22	-	5.05618	7.81e-05	0.594	GAAAAGTGGCAAAGTTCTGTTG
motivo8prova		LAU37_RS07635	202	223	-	5.05618	7.81e-05	0.594	AAATAGTTTGTTTGCTTTGTTA
motivo8prova		LAU37_RS11630	258	279	+	5.04494	7.83e-05	0.594	TAATAGCAAAAGAACACTAAAC
motivo8prova		LAU37_RS17915	190	211	-	5	7.94e-05	0.599	GTTTAATGCACTTGTTCTAGAA
motivo8prova		LAU37_RS15200	40	61	+	4.96629	8.01e-05	0.599	TATTAATAAATAAGTTCTAATT
motivo8prova		LAU37_RS25585	260	281	+	4.94382	8.07e-05	0.599	TGGTAGTTCATGACTACTTGTA
motivo8prova		LAU37_RS07745	12	33	-	4.92135	8.12e-05	0.599	AGAAACTATATTTATTCTAATT
motivo8prova		LAU37_RS16040	38	59	+	4.92135	8.12e-05	0.599	TCGAAGTTGGATGAGACTAATT
motivo8prova		LAU37_RS14435	24	45	-	4.92135	8.12e-05	0.599	GCTCAGTTTGAGTGCTCTATGC
motivo8prova		LAU37_RS13280	63	84	-	4.92135	8.12e-05	0.599	GCTAAGTGTAACAATAGTAATT
motivo8prova		LAU37_RS14055	202	223	-	4.92135	8.12e-05	0.599	TAGGAGTGGAATTCTACTTTGT
motivo8prova		LAU37_RS13275	227	248	+	4.92135	8.12e-05	0.599	GCTAAGTGTAACAATAGTAATT
motivo8prova		LAU37_RS22135	294	315	+	4.89888	8.18e-05	0.602	TAAAAATATGCTAAAACTAATT
motivo8prova		LAU37_RS16145	206	227	-	4.88764	8.2e-05	0.602	TATTAGTGGCTAAGTTCTTAGT
motivo8prova		LAU37_RS26785	50	71	-	4.85393	8.28e-05	0.604	CCATAGTTTATTTGCTCAAAAG
motivo8prova		LAU37_RS21505	269	290	-	4.85393	8.28e-05	0.604	CTTCAGTACAAGTGTACTCTAT
motivo8prova		LAU37_RS06120	68	89	-	4.83146	8.34e-05	0.604	CTATGGTAGAATAGTTCTATGT
motivo8prova		LAU37_RS06125	283	304	+	4.83146	8.34e-05	0.604	CTATGGTAGAATAGTTCTATGT
motivo8prova		LAU37_RS15910	268	289	-	4.78652	8.45e-05	0.607	ATGAAGTTTGTCTGATTTGATT
motivo8prova		LAU37_RS15905	294	315	+	4.78652	8.45e-05	0.607	ATGAAGTTTGTCTGATTTGATT
motivo8prova		LAU37_RS18930	174	195	-	4.77528	8.48e-05	0.607	GCATACTTTATATGGACTAAGC
motivo8prova		LAU37_RS18935	229	250	+	4.77528	8.48e-05	0.607	GCATACTTTATATGGACTAAGC
motivo8prova		LAU37_RS08260	129	150	+	4.70787	8.65e-05	0.61	TTTGAGTATGTGTGCTCCAAGA
motivo8prova		LAU37_RS08255	172	193	-	4.70787	8.65e-05	0.61	TTTGAGTATGTGTGCTCCAAGA
motivo8prova		LAU37_RS13565	110	131	+	4.68539	8.7e-05	0.61	TTGAAGTAGGCTGGATCTGGAC
motivo8prova		LAU37_RS22095	135	156	-	4.67416	8.73e-05	0.61	GTTAAGTTTAAAAAGACTCAAC
motivo8prova		LAU37_RS22090	262	283	+	4.67416	8.73e-05	0.61	GTTAAGTTTAAAAAGACTCAAC
motivo8prova		LAU37_RS08105	28	49	+	4.66292	8.76e-05	0.61	ACTTAATTCAATAAAACTATTT
motivo8prova		LAU37_RS06120	92	113	-	4.66292	8.76e-05	0.61	AAGTAGTTTACCACTACTACTA
motivo8prova		LAU37_RS22310	157	178	+	4.66292	8.76e-05	0.61	TTAAAGTTTGAAAACTCTTTGA
motivo8prova		LAU37_RS06125	259	280	+	4.66292	8.76e-05	0.61	AAGTAGTTTACCACTACTACTA
motivo8prova		LAU37_RS24160	107	128	+	4.65169	8.79e-05	0.61	GAATAGTAAATATGTATTGTAT
motivo8prova		LAU37_RS24155	112	133	-	4.65169	8.79e-05	0.61	GAATAGTAAATATGTATTGTAT
motivo8prova		LAU37_RS07860	224	245	+	4.62921	8.85e-05	0.611	TAGAAGTTGATTAATTCTTTTC
motivo8prova		LAU37_RS20605	10	31	+	4.60674	8.91e-05	0.611	ACTGATTACAAAAGCACTGAAC
motivo8prova		LAU37_RS14280	73	94	+	4.60674	8.91e-05	0.611	AATTAGTAGAAATATGCTATTT
motivo8prova		LAU37_RS14275	105	126	-	4.60674	8.91e-05	0.611	AATTAGTAGAAATATGCTATTT
motivo8prova		LAU37_RS07615	70	91	-	4.59551	8.93e-05	0.611	AAGTAGTGGAAGTTGACTAATC
motivo8prova		LAU37_RS22955	132	153	+	4.5618	9.02e-05	0.612	AAGAAGTGCAACAAATTTAAAC
motivo8prova		LAU37_RS22950	272	293	-	4.5618	9.02e-05	0.612	AAGAAGTGCAACAAATTTAAAC
motivo8prova		LAU37_RS29825	198	219	+	4.53933	9.08e-05	0.612	TTGTAGTTTAATACTACAAATA
motivo8prova		LAU37_RS29830	219	240	-	4.53933	9.08e-05	0.612	TTGTAGTTTAATACTACAAATA
motivo8prova		LAU37_RS17455	251	272	+	4.52809	9.11e-05	0.612	ATTGAGTAGCCCAGATCTCATC
motivo8prova		LAU37_RS20730	164	185	+	4.51685	9.14e-05	0.612	ACCAAGTTCACCAGAAATATTC
motivo8prova		LAU37_RS20735	210	231	-	4.51685	9.14e-05	0.612	ACCAAGTTCACCAGAAATATTC
motivo8prova		LAU37_RS04210	62	83	-	4.50562	9.17e-05	0.612	CTCAAGTTAGATTCCACTGGTT
motivo8prova		LAU37_RS05675	123	144	+	4.49438	9.2e-05	0.612	GAAAAATAGGCTTGTTCTAGAA
motivo8prova		LAU37_RS30430	253	274	+	4.49438	9.2e-05	0.612	GAATAGTGGATCTGATATAAAG
motivo8prova		LAU37_RS23925	251	272	-	4.48315	9.23e-05	0.612	GTGAAGTATTATTGTTGTAGTC
motivo8prova		LAU37_RS27545	202	223	+	4.46067	9.29e-05	0.615	ACTTAGTGAAATTTAACTATTA
motivo8prova		LAU37_RS08115	43	64	+	4.40449	9.45e-05	0.621	TTGTAGTTTTATAAAACTTGTA
motivo8prova		LAU37_RS12090	41	62	+	4.38202	9.51e-05	0.621	TAGGAATTTGACTGATCTAATG
motivo8prova		LAU37_RS12085	228	249	-	4.38202	9.51e-05	0.621	TAGGAATTTGACTGATCTAATG
motivo8prova		LAU37_RS24025	310	331	+	4.38202	9.51e-05	0.621	GCTGAGTATTTAGGTACTGGTA
motivo8prova		LAU37_RS15810	179	200	-	4.37079	9.54e-05	0.621	TAATAGTGTCTTTCTACGAATT
motivo8prova		LAU37_RS12415	310	331	-	4.37079	9.54e-05	0.621	GTAAAGTACGACTGATCGAGCG
motivo8prova		LAU37_RS21705	22	43	+	4.35955	9.57e-05	0.621	CAATAGTTAAACTTGACTAAAT
motivo8prova		LAU37_RS17480	239	260	-	4.29213	9.76e-05	0.632	GTGTAGTATGTTTAAAGTAATG
motivo8prova		LAU37_RS09105	38	59	-	4.2809	9.79e-05	0.632	CTTTAGTTCGATTGTAGTGTTT
motivo8prova		LAU37_RS05760	45	66	-	4.23596	9.92e-05	0.635	ATTGAGTTTATGGCAACTGAAA
motivo8prova		LAU37_RS03735	203	224	+	4.23596	9.92e-05	0.635	CAAAAGAATCCTAGTACTAAAA
motivo8prova		LAU37_RS05765	292	313	+	4.23596	9.92e-05	0.635	ATTGAGTTTATGGCAACTGAAA
motivo8prova		LAU37_RS26845	86	107	-	4.21348	9.98e-05	0.638	GTGCAGTGCATCACTTCTAGAT

# FIMO (Find Individual Motif Occurrences): Version 5.5.5 compiled on Mar  1 2024 at 17:11:43
# The format of this file is described at https://meme-suite.org/meme/doc/fimo-output-format.html#tsv_results.
# fimo /home/davide/Documents/motivo8prova.meme ../../intergeniche_RefSeq/Chroococcidiopsis_sp._CCMEE_29_GCF_023558375_intergen-300+50.fasta
